"id,content"
"1,Start with basic bodyweight exercises like squats, push-ups, and planks to build foundational strength."
"2,Stay hydrated by drinking water before, during, and after workouts."
"3,Aim for at least 150 minutes of moderate aerobic activity each week."
"4,Incorporate strength training exercises at least twice a week."
"5,Eat a balanced diet with lean protein, complex carbs, and healthy fats."
"6,Don't skip warm-ups. Spend 5–10 minutes warming up before intense activity."
"7,Stretch after workouts to improve flexibility and prevent soreness."
"8,Track your progress with a workout log or fitness app."
"9,Get at least 7–9 hours of sleep per night for muscle recovery."
"10,Rest days are essential for muscle repair and avoiding burnout."
"11,Use proper form to avoid injuries during workouts."
"12,Include compound movements like deadlifts, squats, and bench presses."
"13,Adjust your diet according to your fitness goals (weight loss, muscle gain)."
"14,Avoid sugary drinks and processed foods as much as possible."
"15,Set realistic goals and break them into smaller milestones."
"16,Increase workout intensity gradually to prevent overtraining."
"17,Listen to your body—if something feels wrong, stop and rest."
"18,Combine cardio and strength training for overall fitness."
"19,High-Intensity Interval Training (HIIT) can be effective for fat loss."
"20,Choose activities you enjoy to stay consistent with your routine."
"21,Fuel up with a small meal or snack before workouts for energy."
"22,Post-workout nutrition helps with recovery—consider protein-rich options."
"23,Track your calorie intake if you’re aiming for fat loss."
"24,Join fitness communities or find a workout buddy for motivation."
"25,Variety in workouts keeps things interesting and challenges your muscles."
"26,Use resistance bands or light weights to increase difficulty."
"27,Start with shorter workouts and increase duration over time."
"28,Always cool down after workouts to bring heart rate back to normal."
"29,Mental health matters—consider yoga or mindfulness with physical training."
"30,A strong core supports your posture and prevents injury."
"31,Include rest intervals between sets for optimal performance."
"32,Don't compare yourself to others—focus on your personal journey."
"33,Use a heart rate monitor to stay in the right cardio zone."
"34,Meal prepping can help you stay on track with nutrition."
"35,Try different fitness classes to find what suits you best."
"36,Consult with a professional trainer if you're unsure where to start."
"37,Start light, then progressively overload for muscle gains."
"38,Cardio doesn’t mean just running—consider cycling or swimming too."
"39,Supplements should support, not replace, a healthy diet."
"40,Train each muscle group at least once per week."
"41,Good posture prevents injuries and improves performance."
"42,Don’t neglect smaller muscles like calves, forearms, and abs."
"43,Fuel your body with whole foods, not just protein powders."
"44,Even 10–15 minute workouts are better than doing nothing."
"45,Be consistent—results take time and discipline."
"46,Take care of your joints with low-impact exercises if needed."
"47,Focus on quality reps rather than quantity."
"48,Track your water intake daily, especially in hot weather."
"49,Fitness is a lifestyle, not a temporary fix."
"50,Check your form using mirrors or recording yourself."
